# id, x, y, group_0, group_1, intens_0, intens_1, dissimil
2300101001001,1159229.57097,9182049.61586,65.4967869501,27.5333662877,65.4967869501,27.5333662877,0.000207138603679
2300150001001,1204662.91555,9530291.31154,80.2287581699,16.4052287582,80.2287581699,16.4052287582,0.0010264933155
2300200003001,1036804.36438,9683266.53003,69.9118436182,24.8371023381,69.9118436182,24.8371023381,0.000424195565092
2300200003002,1051089.98968,9664678.04013,68.2136045772,26.9230769231,68.2136045772,26.9230769231,0.000293911244508
2300309003001,1113844.67138,9330059.6958,59.2215833702,35.6037151703,59.2215833702,35.6037151703,0.000290446834986
2300309003002,1109943.77464,9319100.4356,63.7194008038,30.2155644867,63.7194008038,30.2155644867,4.85197064129e-05
2300408001001,1020264.437,9267428.72726,63.3895131086,26.8414481898,63.3895131086,26.8414481898,0.000191822111938
2300507001001,995323.551708,9601665.67977,73.640167364,20.8275220828,73.640167364,20.8275220828,0.000684793439054
2300606001001,1086373.37084,9224508.21783,63.5838150289,27.7012005336,63.5838150289,27.7012005336,0.000157723734644
2300705001001,1254839.49997,9385730.976,59.6715328467,34.8540145985,59.6715328467,34.8540145985,0.000247138070086
2300754003001,1087219.31489,9653869.88712,78.1357882624,17.1461449942,78.1357882624,17.1461449942,0.00094756593301
2300754003002,1075418.45573,9631436.86602,66.7749419954,30.1160092807,66.7749419954,30.1160092807,0.000119930376576
2300804001001,1055291.16019,9250276.95039,39.9229781772,42.404792469,39.9229781772,42.404792469,0.00101684246156
2300903001001,1131449.76299,9558856.52429,62.2788393489,31.245576787,62.2788393489,31.245576787,2.90063805055e-05
2301000003001,1225849.97299,9553783.17368,74.0482573727,21.7694369973,74.0482573727,21.7694369973,0.00065171511638
2301000003002,1235397.55652,9556470.07811,71.2920489297,23.5474006116,71.2920489297,23.5474006116,0.000511984580244
2301000003003,1240434.70857,9563186.95078,65.7720239975,28.9864224818,65.7720239975,28.9864224818,0.000148344477298
2301109003001,1297076.6275,9493726.57413,70.4918032787,21.8360655738,70.4918032787,21.8360655738,0.000570794790049
2301109003002,1311502.56342,9488544.3712,68.0156021453,28.0351048269,68.0156021453,28.0351048269,0.000239959618758
2301109003003,1318194.93963,9473053.53659,65.9090909091,28.2894736842,65.9090909091,28.2894736842,0.000182442245909
2301208001001,1198534.53014,9501441.77993,66.8355416991,25.6040530008,66.8355416991,25.6040530008,0.00032255473145
2301257001001,972077.721752,9470967.91198,63.4134379598,30.9465424228,63.4134379598,30.9465424228,9.20202599234e-06
2301307001001,1044188.16401,9196865.26295,64.367816092,29.3103448276,64.367816092,29.3103448276,0.000103116620179
2301406001001,1163897.00078,9508692.35997,68.8957325121,18.3897932248,68.8957325121,18.3897932248,0.000689565086272
2301505001001,1036595.44484,9307879.96094,64.2969984202,31.2006319115,64.2969984202,31.2006319115,1.7231323876e-05
2301604001001,1067536.24147,9232658.38348,60.4380867233,34.5999105945,60.4380867233,34.5999105945,0.000219000719869
2301703001001,1167359.69715,9223152.65374,62.9704573047,33.5087009308,62.9704573047,33.5087009308,0.000114814902273
2301802001001,1191753.29987,9253670.71464,64.2292490119,30.2371541502,64.2292490119,30.2371541502,5.87309868711e-05
2301851001001,1176858.48704,9415016.21527,62.013267955,32.3045860975,62.013267955,32.3045860975,8.20735647292e-05
2301901003001,1124963.49016,9177409.78082,69.395280236,21.7551622419,69.395280236,21.7551622419,0.00055037141598
2301901003002,1130851.13022,9187811.93253,66.8777943368,23.5469448584,66.8777943368,23.5469448584,0.000415256505934
2301950001001,1209354.00353,9518667.85099,84.1107508107,13.9935145922,84.1107508107,13.9935145922,0.00121917208026
2302008001001,1186585.82881,9207731.89829,60.4812586765,34.2434058306,60.4812586765,34.2434058306,0.000202149424172
2302057001001,925499.978524,9670926.09275,70.0454386578,22.6494232786,70.0454386578,22.6494232786,0.000524724599485
2302107003001,1185425.60381,9511216.36906,72.2868217054,21.1240310078,72.2868217054,21.1240310078,0.000641903364383
2302107003002,1177286.5782,9518237.53845,70.0863930886,24.4060475162,70.0863930886,24.4060475162,0.000447252269505
2302206003001,1260046.29051,9527116.02571,69.9501936912,26.618705036,69.9501936912,26.618705036,0.000345551767017
2302206003002,1267124.90963,9506343.28438,64.9921507064,31.3657770801,64.9921507064,31.3657770801,2.50993861622e-05
2302305003001,1021972.37693,9661392.48849,68.6293752044,25.8423290808,68.6293752044,25.8423290808,0.000351240227484
2302404003001,1068940.83691,9423051.14029,60.9208972845,34.5533254624,60.9208972845,34.5533254624,0.000206340484133
2302404003002,1083557.73432,9447574.63297,65.2326945639,28.8228392648,65.2326945639,28.8228392648,0.00014382194164
2302503003001,1165348.49799,9168187.34494,57.487091222,38.3247274814,57.487091222,38.3247274814,0.000449857263648
2302503003002,1171906.49893,9159949.08203,70.3942895989,24.23521414,70.3942895989,24.23521414,0.000461622071337
2302602003001,960336.656078,9678979.5479,67.9481991097,26.264670174,67.9481991097,26.264670174,0.000317468404662
2302602003002,967206.032319,9672902.89359,75.0666271839,19.69203435,75.0666271839,19.69203435,0.000766716131908
2302701001001,1022951.32854,9230602.64606,51.4877589454,39.1337099812,51.4877589454,39.1337099812,0.000617438147318
2302800003001,1102400.4638,9519197.76435,83.6974789916,12.2128851541,83.6974789916,12.2128851541,0.00128955519645
2302800003002,1139948.25922,9498517.41516,71.4491708724,24.83777938,71.4491708724,24.83777938,0.000457859375218
2302800003003,1132643.98686,9522528.04454,63.6141209367,29.1855994408,63.6141209367,29.1855994408,9.21630643712e-05
2302909001001,1177053.41721,9503178.10375,74.3227326266,19.3757361602,74.3227326266,19.3757361602,0.000764523304898
2303006001001,1153879.10234,9535969.17986,67.4076057847,25.3615425817,67.4076057847,25.3615425817,0.000345912160943
2303105001001,997587.084952,9561866.75799,64.6481178396,28.8325150027,64.6481178396,28.8325150027,0.000130577943215
2303204001001,1133786.3272,9220117.68821,66.4370455415,28.6261002679,66.4370455415,28.6261002679,0.000178995329535
2303303001001,1112487.43714,9261947.72146,52.3277467412,40.9151370045,52.3277467412,40.9151370045,0.0006785043979
2303402001001,943223.451585,9542357.7978,53.8640325392,42.7367809413,53.8640325392,42.7367809413,0.000726103932772
2303501003001,1241377.0146,9524394.50922,70.86403215,25.6530475553,70.86403215,25.6530475553,0.000408662401653
2303501003002,1255490.57924,9538224.59618,67.8917815212,30.4236855539,67.8917815212,30.4236855539,0.000130681796674
2303501003003,1253063.3359,9546457.35501,69.5666131621,26.0995184591,69.5666131621,26.0995184591,0.000360307691234
2303600001001,1063681.12062,9305982.7577,59.9334073252,34.0288568257,59.9334073252,34.0288568257,0.000204584952082
2303659001001,1035779.34368,9486221.04313,70.1745379877,26.6940451745,70.1745379877,26.6940451745,0.000347107560519
2303709005010,1205528.06592,9584084.12067,59.1756070017,32.3546019198,59.1756070017,32.3546019198,0.000146498747611
2303709005012,1205609.24449,9579443.47828,67.1372930867,27.9454722493,67.1372930867,27.9454722493,0.000224708345473
2303709005017,1205176.3183,9588012.50054,60.8695652174,27.5942028986,60.8695652174,27.5942028986,0.00010300837695
2303709005019,1207690.41334,9589824.00396,65.7713928795,27.2954403498,65.7713928795,27.2954403498,0.00022377203082
2303709005030,1199654.06448,9581500.31056,59.2641261498,25.8431887867,59.2641261498,25.8431887867,0.000145941185771
2303709005036,1207982.10509,9585793.57377,65.0374064838,28.8778054863,65.0374064838,28.8778054863,0.000137089500119
2303709005041,1209630.35889,9584017.20184,65.7219973009,29.0148448043,65.7219973009,29.0148448043,0.000145979996745
2303709005043,1197251.35618,9590461.38883,65.9434914228,19.3239152371,65.9434914228,19.3239152371,0.000583185153662
2303709005046,1185165.6508,9577360.7919,76.2225372077,19.2771084337,76.2225372077,19.2771084337,0.000810562005855
2303709005047,1207518.56875,9580568.68553,65.0953206239,28.6655112652,65.0953206239,28.6655112652,0.000147830102897
2303709005048,1205710.83291,9580651.37526,55.3832116788,39.2335766423,55.3832116788,39.2335766423,0.000536515906046
2303709005049,1209374.27604,9580093.00064,69.0055248619,24.9171270718,69.0055248619,24.9171270718,0.000400761313548
2303709005053,1210468.00663,9582611.77921,66.1963882619,27.3702031603,66.1963882619,27.3702031603,0.000229751305117
2303709005054,1208583.96217,9581928.06658,64.2060541689,25.4912373871,64.2060541689,25.4912373871,0.000269956694498
2303808001001,1154085.00449,9269919.15976,52.5893215576,39.7832195905,52.5893215576,39.7832195905,0.000622272089532
2303907001001,918880.872845,9657386.17469,69.2214602662,24.4050020169,69.2214602662,24.4050020169,0.000428341947644
2303931001001,1145281.25273,9469776.35936,73.5191637631,19.0863337205,73.5191637631,19.0863337205,0.00075982265449
2303956001001,1225722.77656,9521242.44276,65.7328145266,29.9092088197,65.7328145266,29.9092088197,0.000106315972707
2304004001001,974738.044712,9596195.81544,52.967829633,38.2419574082,52.967829633,38.2419574082,0.000545214437945
2304103003001,979421.303623,9425942.20017,58.1222056632,37.1833084948,58.1222056632,37.1833084948,0.000385014084035
2304103003002,996337.704037,9427052.91877,56.1379310345,32.275862069,56.1379310345,32.275862069,0.000209563414764
2304103003003,980386.921529,9424595.72497,54.8370672098,37.8309572301,54.8370672098,37.8309572301,0.000485909514495
2304103003004,967253.214632,9422564.51049,71.7864476386,24.1889117043,71.7864476386,24.1889117043,0.000494200108564
2304202003001,1106326.70491,9205168.46342,69.9375,21.4375,69.9375,21.4375,0.000576427558817
2304202003002,1108356.62504,9180979.51748,63.1809643081,28.2404508453,63.1809643081,28.2404508453,0.000124836262444
2304202003003,1119400.93655,9208073.99217,62.6642771804,26.523297491,62.6642771804,26.523297491,0.000190120878861
2304202003004,1115916.89563,9197962.94711,59.8946135831,28.0444964871,59.8946135831,28.0444964871,6.15507253527e-05
2304202003005,1120254.26601,9196420.22855,55.3846153846,36.9963369963,55.3846153846,36.9963369963,0.000436673051391
2304202003006,1116209.18723,9195640.29162,55.0637393768,36.8626062323,55.0637393768,36.8626062323,0.000437739520194
2304236001001,946959.246569,9513743.11632,70.802919708,23.7080291971,70.802919708,23.7080291971,0.000494097928232
2304251001001,1020493.35236,9678485.18716,62.5334522748,31.3113291704,62.5334522748,31.3113291704,2.63594337057e-05
2304269001001,1135721.83288,9345976.59973,62.1972829297,35.380980508,62.1972829297,35.380980508,0.000215290553742
2304277001001,1241502.03113,9334405.06958,52.5946704067,37.914913511,52.5946704067,37.914913511,0.000538802350403
2304285003001,1230412.12417,9570654.78675,64.2604074402,28.9193976971,64.2604074402,28.9193976971,0.000118204210076
2304285003002,1226070.70222,9567370.13113,54.8780487805,34.4947735192,54.8780487805,34.4947735192,0.000336170989694
2304301001001,1103195.42888,9232203.38387,63.0094847475,29.7359651371,63.0094847475,29.7359651371,5.43571045204e-05
2304350001001,1030510.97577,9575055.45276,63.0668536699,30.1542776999,63.0668536699,30.1542776999,3.69519004729e-05
2304400005002,1223059.11082,9584183.40266,36.8016401845,60.7380830343,36.8016401845,60.7380830343,0.00190317410673
2304400005006,1214276.79188,9587951.23277,66.3903743316,26.6042780749,66.3903743316,26.6042780749,0.000268173890645
2304400005009,1216552.31953,9586593.536,61.6367265469,32.375249501,62.4100740318,30.3410639039,1.44171698581e-05
2304400005010,1220353.90814,9585468.37302,53.1452087008,40.6231628454,53.1452087008,40.6231628454,0.000647561744445
2304400005011,1227915.79413,9582244.16507,46.017699115,47.7876106195,46.017699115,47.7876106195,0.00112341158014
2304400005012,1216512.66529,9587467.11727,63.1834215168,28.3068783069,62.4100740318,30.3410639039,1.40304591859e-05
2304400005016,1220148.44319,9583016.34931,37.9063719116,58.7126137841,37.9063719116,58.7126137841,0.0017885972276
2304400005017,1214483.0428,9586101.48474,63.544500583,31.9860085503,63.544500583,31.9860085503,3.43001250997e-05
2304400005018,1218167.25642,9585611.68256,59.9799398195,35.0050150451,59.9799398195,35.0050150451,0.000247115357174
2304400005019,1218821.32921,9582307.88032,52.2313010685,43.6203645506,52.2313010685,43.6203645506,0.000801309099957
2304400005022,1222171.36022,9583188.1665,42.8886438809,54.0793825799,42.8886438809,54.0793825799,0.00147269270268
2304400005024,1223302.65513,9585286.58583,31.2862108922,66.8597914253,31.2862108922,66.8597914253,0.00229717082552
2304400005027,1226161.25753,9584253.81607,46.261682243,49.0186915888,46.261682243,49.0186915888,0.00117298751635
2304400005029,1216922.26875,9584039.45005,51.6267648864,43.9533456108,51.6267648864,43.9533456108,0.000829414481455
2304400005033,1216165.45354,9585143.75064,52.7777777778,43.6247723133,52.7777777778,43.6247723133,0.000789528470369
2304400005034,1218090.17549,9583342.10661,52.4555903866,43.3124346917,52.4555903866,43.3124346917,0.000782655324377
2304400005035,1222422.55407,9582091.79414,56.3524590164,40.9836065574,56.3524590164,40.9836065574,0.000593348391521
2304400005037,1226728.92246,9585991.94295,61.419939577,32.3262839879,61.419939577,32.3262839879,9.6045731168e-05
2304400005039,1211822.18359,9586951.25287,60.3773584906,34.9334073252,60.3773584906,34.9334073252,0.000235210322115
2304400005040,1213571.09556,9584087.95354,53.3366783743,40.0401404917,53.3366783743,40.0401404917,0.000617354324088
2304400005041,1213107.53015,9582497.84373,64.0160183066,29.8627002288,64.0160183066,29.8627002288,7.07634191644e-05
2304400005044,1211761.73115,9581687.70777,61.0438990667,32.3885240235,61.0438990667,32.3885240235,0.000107064285951
2304400005045,1213690.0298,9581172.54788,57.5798470535,34.3229869546,57.5798470535,34.3229869546,0.000269290872434
2304400005048,1212324.16912,9585163.26174,60.7367475292,32.9290206649,60.7367475292,32.9290206649,0.000137909897048
2304400005049,1225694.66088,9576138.10437,61.3776137761,31.7343173432,61.3776137761,31.7343173432,7.05634290955e-05
2304400005050,1223332.77191,9570182.47458,63.3304940375,28.7478705281,63.3304940375,28.7478705281,0.000105475551371
2304400005051,1222384.36617,9575973.1016,62.0363062352,30.8208366219,62.0363062352,30.8208366219,1.53727092229e-05
2304400005058,1224466.30702,9579882.33027,47.0779220779,49.9350649351,47.0779220779,49.9350649351,0.00119598079916
2304400005061,1221722.39222,9572822.69519,65.3562653563,30.7534807535,65.3562653563,30.7534807535,6.03967404344e-05
2304400005062,1223142.01062,9578570.33352,57.5690115761,37.4443455031,57.5690115761,37.4443455031,0.000408784478942
2304400005063,1229011.30401,9575441.47928,61.2169066419,31.6302833256,61.2169066419,31.6302833256,6.94443225907e-05
2304400005064,1227434.58955,9579197.81018,64.6532438479,28.1879194631,64.6532438479,28.1879194631,0.000159448242061
2304400005065,1224007.22518,9574272.03752,56.291706387,39.2755004766,56.291706387,39.2755004766,0.000518474570437
2304400005072,1211905.0517,9577940.96857,64.908616188,30.182767624,64.908616188,30.182767624,7.60472578687e-05
2304400005073,1213511.61502,9579496.75591,55.83628095,38.9085396665,55.83628095,38.9085396665,0.000512084682597
2304400005074,1211951.8964,9576178.92334,61.022239563,30.9793211081,61.022239563,30.9793211081,4.46689000424e-05
2304400005076,1212576.41746,9575017.72317,60.2108768036,32.7413984462,60.2108768036,32.7413984462,0.000141064979854
2304400005078,1210140.75449,9578761.46066,67.3989799922,26.7948214986,67.3989799922,26.7948214986,0.000281778878599
2304400005079,1211635.82207,9579804.17386,60.865322056,31.880286272,60.865322056,31.880286272,8.83037146944e-05
2304400005081,1214578.71265,9577298.53866,56.3829787234,37.1914893617,56.3829787234,37.1914893617,0.000423498170236
2304400005083,1215046.50146,9575104.27774,61.1909114651,32.2016192217,61.1909114651,32.2016192217,9.55036148298e-05
2304400005084,1217392.23623,9576591.77115,61.1214953271,33.785046729,61.1214953271,33.785046729,0.000167667976688
2304400005088,1219688.25461,9575820.45976,55.0566185084,36.9777430691,55.0566185084,36.9777430691,0.000443032298831
2304400005089,1217905.3189,9572826.15109,55.8746736292,37.3368146214,55.8746736292,37.3368146214,0.000441122363261
2304400005090,1209964.20012,9576754.17407,68.8636363636,24.0340909091,68.8636363636,24.0340909091,0.000437047232981
2304400005094,1216388.70878,9582333.40056,55.466130114,36.4185110664,55.466130114,36.4185110664,0.000409107376139
2304400005098,1220997.5176,9578145.33504,61.2398921833,31.9676549865,61.2398921833,31.9676549865,8.39920234252e-05
2304400005101,1215291.07122,9581106.78556,55.606557377,39.0163934426,55.606557377,39.0163934426,0.000521931378608
2304400005103,1217536.91041,9580947.40666,53.4161490683,40.16563147,53.4161490683,40.16563147,0.000621211191231
2304400005105,1215439.01614,9579502.56543,54.2471042471,39.305019305,54.2471042471,39.305019305,0.000564603617843
2304400005106,1214972.91122,9583073.83765,67.5712971481,26.9089236431,67.5712971481,26.9089236431,0.000280465053199
2304400005107,1218290.19721,9578738.9305,56.7141208157,35.3212774144,56.7141208157,35.3212774144,0.000332802904534
2304400005109,1220051.59149,9580454.04141,58.4163898117,37.5968992248,58.4163898117,37.5968992248,0.000397018285376
2304400005116,1215107.90673,9573279.69686,66.255550074,27.4790330538,66.255550074,27.4790330538,0.000226192639478
2304400005118,1220325.84553,9571145.70649,68.0709534368,25.0,68.0709534368,25.0,0.000376580771459
2304459001001,1292548.47996,9502745.1354,68.2737693864,27.1072151045,68.2737693864,27.1072151045,0.000287014761916
2304509001001,963434.408122,9588089.84878,61.9606358819,32.5510976533,61.9606358819,32.5510976533,9.42249693502e-05
2304608001001,1117643.56134,9549540.30533,64.8282535075,28.1567489115,64.8282535075,28.1567489115,0.000164674617239
2304657001001,969221.676059,9551302.01722,61.6928738709,31.74974908,61.6928738709,31.74974908,6.4342259333e-05
2304707003001,932255.892739,9635102.712,70.4081632653,21.3151927438,70.4081632653,21.3151927438,0.000592199821768
2304707003002,968356.894007,9654997.31098,70.6467661692,21.4695752009,70.6467661692,21.4695752009,0.000590541735257
2304806001001,1135828.36088,9232179.98244,66.7976424361,29.5350360183,66.7976424361,29.5350360183,0.00014634741814
2304905001001,1014982.66795,9566096.02615,53.93369619,42.9985155863,53.93369619,42.9985155863,0.000736254111146
2304954001001,1203621.407,9543423.61361,69.3206404154,24.361748161,69.3206404154,24.361748161,0.0004324454309
2305001003001,950405.335772,9529651.66034,63.7818612922,31.1203319502,63.7818612922,31.1203319502,9.52342280319e-06
2305001003002,970487.343449,9536733.70913,67.2177609825,27.8696268304,67.2177609825,27.8696268304,0.000229855745465
2305100001001,1173040.77307,9528150.06606,68.9732142857,26.7857142857,68.9732142857,26.7857142857,0.00031668810447
2305209001001,1010605.83723,9507739.6185,61.9373519347,32.3242958673,61.9373519347,32.3242958673,8.46167672119e-05
2305233003001,1225104.62119,9546153.46919,63.658656204,32.0255026974,63.658656204,32.0255026974,3.35601353495e-05
2305233003002,1228162.97559,9542371.34709,65.4519368723,28.7230989957,65.4519368723,28.7230989957,0.000153076941384
2305266001001,1197271.20293,9468409.44599,69.5533980583,26.0582524272,69.5533980583,26.0582524272,0.000361859092769
2305308001001,943813.052965,9562202.05549,67.4339300938,28.3461210571,67.4339300938,28.3461210571,0.000213335294314
2305332001001,1215660.27491,9446573.6897,63.4295713036,34.6019247594,63.4295713036,34.6019247594,0.00015352540616
2305357001001,1343800.36451,9471679.051,55.7681641708,37.3821408763,55.7681641708,37.3821408763,0.000445478942857
2305407003001,1181823.73831,9275370.76584,59.819897084,35.1200686106,59.819897084,35.1200686106,0.000255756050511
2305407003002,1189510.88613,9291084.29201,64.697864607,31.5311222172,64.697864607,31.5311222172,1.12727393749e-05
2305506003001,1145534.56982,9296965.86852,67.1251719395,30.1237964237,67.1251719395,30.1237964237,0.00012725904545
2305506003002,1132369.0307,9295165.99454,48.309541698,48.1592787378,48.309541698,48.1592787378,0.0010897622302
2305506003003,1135511.35651,9284380.60517,72.0965309201,24.1327300151,72.0965309201,24.1327300151,0.000503502774253
2305506003004,1129586.79846,9288318.40749,51.3983371126,40.0604686319,51.3983371126,40.0604686319,0.000660744390326
2305506003005,1129867.25768,9291780.82607,52.4130773223,44.3175921121,52.4130773223,44.3175921121,0.000828431133761
2305506003006,1123598.43934,9296934.29745,60.5128205128,35.811965812,60.5128205128,35.811965812,0.000271437325558
2305605001001,1016586.74893,9392873.24177,53.6297985557,38.9205625238,53.6297985557,38.9205625238,0.00056098113884
2305654001001,965646.701907,9455814.58863,67.7333333333,26.7555555556,67.7333333333,26.7555555556,0.000290858799536
2305704001001,1192703.7388,9242799.12199,63.6326023997,33.760860571,63.6326023997,33.760860571,0.000111552326449
2305803003001,982873.720384,9522755.3874,58.4057230455,36.3311190598,58.4057230455,36.3311190598,0.000340780623553
2305803003002,979727.901077,9511297.21973,65.8045977011,30.4597701149,65.8045977011,30.4597701149,8.3326551866e-05
2305902003001,978442.510279,9493641.62147,66.9048927982,31.0060472787,66.9048927982,31.0060472787,8.30704359568e-05
2305902003002,951292.175421,9493080.7616,61.9918699187,31.7073170732,61.9918699187,31.7073170732,5.5896023124e-05
2306009001001,1239318.12229,9357093.76593,51.4043993232,38.578680203,51.4043993232,38.578680203,0.000594503093944
2306108001001,1076020.25438,9570769.60473,73.7789203085,22.5792630677,73.7789203085,22.5792630677,0.000609682446622
2306207001001,1293971.28728,9474413.47147,64.8,32.0421052632,64.8,32.0421052632,9.28570183284e-06
2306256003001,1220217.11502,9556325.64605,67.6565526146,25.6294383473,67.6565526146,25.6294383473,0.000339416508406
2306256003002,1217281.24385,9555017.12097,72.6419521351,20.6945096199,72.6419521351,20.6945096199,0.000668849497795
2306306003001,1103368.6559,9585323.49863,73.9162652834,22.8603186365,73.9162652834,22.8603186365,0.000600153675409
2306306003002,1102089.65125,9590682.34741,64.9018881896,30.4701962236,64.9018881896,30.4701962236,6.30764744286e-05
2306405003001,1101557.38994,9611512.68577,66.0260384377,27.7123372598,66.0260384377,27.7123372598,0.000210753749807
2306405003002,1091916.24997,9609285.78849,73.1257208766,21.8569780854,73.1257208766,21.8569780854,0.00062759008204
2306405003003,1113673.62185,9608890.17178,70.9124311084,24.6172688304,70.9124311084,24.6172688304,0.000455933350996
2306405003004,1102614.99857,9636948.14677,75.8195140764,18.6270728885,75.8195140764,18.6270728885,0.000830729490156
2306405003005,1107780.41912,9617535.3992,61.5464184122,32.3765192656,61.5464184122,32.3765192656,9.55148544364e-05
2306504001001,1172094.18123,9489089.46916,68.8075809424,21.0055277705,68.8075809424,21.0055277705,0.000570934804211
2306553003001,1068533.8677,9674511.88892,65.8919233004,23.881464265,65.8919233004,23.881464265,0.000378724673989
2306553003002,1068906.6289,9658409.65872,65.9574468085,25.5319148936,65.9574468085,25.5319148936,0.000306527654778
2306603001001,1103118.58338,9486538.5112,72.2587430976,20.0105180121,72.2587430976,20.0105180121,0.000690966166877
2306702001001,1193517.38966,9389629.46985,56.6470752869,34.1729638959,56.6470752869,34.1729638959,0.000283041561891
2306801001001,1217298.4992,9375207.22361,59.4230769231,34.2788461538,59.4230769231,34.2788461538,0.000226923011446
2306900003001,1192108.45102,9334202.8704,60.1108033241,36.08033241,60.1108033241,36.08033241,0.000292221337572
2306900003002,1213291.2233,9344213.08555,63.137254902,31.3235294118,63.137254902,31.3235294118,1.36700297536e-05
2307007003001,1295579.15755,9459407.15424,47.9151426481,46.817849305,47.9151426481,46.817849305,0.00103855991986
2307007003002,1310832.83064,9456633.51066,49.8958333333,42.3958333333,49.8958333333,42.3958333333,0.000797865005685
2307106001001,1136223.50802,9156076.07593,71.9213649852,20.8456973294,71.9213649852,20.8456973294,0.000646311114738
2307205001001,1164022.98829,9144702.02282,68.9506656226,28.4259984338,68.9506656226,28.4259984338,0.000243014350568
2307254001001,1001252.6367,9680818.15686,64.9518652226,32.972322503,64.9518652226,32.972322503,4.74578927463e-05
2307304005000,1132685.37443,9204086.65897,71.6084716657,24.0984544934,71.6084716657,24.0984544934,0.000494335014356
2307304005001,1127403.70697,9200994.51288,58.8318085855,37.9310344828,58.8318085855,37.9310344828,0.000402820532614
2307304005003,1129868.79263,9200019.58606,51.3496143959,41.2596401028,51.3496143959,41.2596401028,0.000715312030754
2307304005012,1132900.26752,9199136.14783,67.4932371506,27.5924256087,67.4932371506,27.5924256087,0.000248260471264
2307304005014,1129118.9584,9198745.05536,56.1962134251,36.5318416523,56.1962134251,36.5318416523,0.000398162068167
2307304005015,1130818.99381,9197706.49315,55.9132720105,35.7424441524,55.9132720105,35.7424441524,0.000369145233775
2307304005016,1128611.33583,9197388.75614,63.3815973844,30.92013078,64.0367702562,29.1152786601,0.000105854191983
2307304005018,1128358.31781,9196565.93444,64.691943128,27.3104265403,64.0367702562,29.1152786601,0.000103273149828
2307304005019,1127351.07148,9197406.22413,59.7956463794,32.7854286984,59.7956463794,32.7854286984,0.00015213006024
2307304005022,1127453.00128,9198828.76664,58.7750900669,37.210499228,58.7750900669,37.210499228,0.000371917726559
2307304005029,1128674.57293,9194972.19003,61.797752809,32.9147389293,61.797752809,32.9147389293,0.000114018393877
2307304005032,1131201.81606,9195862.31595,54.6108567691,37.9332897319,54.6108567691,37.9332897319,0.0004954328864
2307304005035,1125393.42782,9195354.44357,62.8887070376,29.3780687398,62.8887070376,29.3780687398,6.76771575381e-05
2307403001001,1097099.20152,9282954.30578,62.4287593161,33.0995177554,62.4287593161,33.0995177554,0.000108432166857
2307502003001,1156765.57978,9242218.80789,59.1060707138,35.8238825884,59.1060707138,35.8238825884,0.000302801094351
2307502003002,1174765.16572,9252068.54452,58.4532374101,37.170263789,58.4532374101,37.170263789,0.000377176796244
2307601003001,1284797.01988,9417348.10991,40.7020164302,51.4189693801,40.7020164302,51.4189693801,0.00140192607423
2307601003002,1266841.26042,9429648.29381,50.5330490405,40.5828002843,50.5330490405,40.5828002843,0.000703012418391
2307635001001,1109161.49759,9460782.4837,69.5664823974,24.032586558,69.5664823974,24.032586558,0.00045251881391
2307650005004,1209539.87802,9570535.69006,67.011910927,25.5825996893,67.011910927,25.5825996893,0.000327377380222
2307650005005,1211811.89089,9571486.32543,64.2238507662,29.9133910726,64.2238507662,29.9133910726,7.3057020598e-05
2307650005006,1211654.36523,9568631.58638,60.3328710125,33.7725381415,60.3328710125,33.7725381415,0.000184394410823
2307650005009,1210378.20431,9568794.35798,60.5197401299,33.8330834583,60.5197401299,33.8330834583,0.000182999915535
2307650005010,1208713.65316,9568646.95555,65.1733333333,29.92,65.1733333333,29.92,9.35722355142e-05
2307650005014,1207513.54829,9563507.35826,56.7825112108,25.1121076233,56.7825112108,25.1121076233,0.00012416737823
2307650005020,1206670.89132,9571336.01594,62.2721749696,27.4605103281,62.2721749696,27.4605103281,0.00013971430595
2307650005029,1208572.2866,9574457.30879,64.5230902028,29.52093224,64.5230902028,29.52093224,9.71246692121e-05
2307650005033,1210507.30625,9572323.43815,62.6223091977,31.0502283105,62.6223091977,31.0502283105,1.27631928638e-05
2307650005038,1213763.67502,9571079.5532,66.445690974,28.4038755737,66.445690974,28.4038755737,0.000189099134364
2307650005045,1214981.30517,9570314.26008,69.0185436454,24.7851650837,69.0185436454,24.7851650837,0.000406933994777
2307700003001,1177965.87654,9552088.81388,72.6516052319,23.305588585,72.6516052319,23.305588585,0.000552570530781
2307700003002,1204871.32187,9566782.48781,60.0,32.3028391167,60.0,32.3028391167,0.000126120961234
2307700003003,1202573.24015,9564316.7819,56.7302452316,35.2588555858,56.7302452316,35.2588555858,0.000329664617264
2307700003004,1199565.59118,9564674.24446,63.3992094862,29.3280632411,63.3992094862,29.3280632411,8.1096919877e-05
2307700003005,1194658.12752,9553262.94357,62.5728987993,27.6843910806,62.5728987993,27.6843910806,0.000136317147295
2307809001001,1026944.8041,9646249.54912,62.1454993835,28.7299630086,62.1454993835,28.7299630086,8.03026293733e-05
2307908001001,984083.670234,9648698.33078,76.0039177277,20.763956905,76.0039177277,20.763956905,0.00073943628607
2308005003001,1017732.73962,9609307.55369,66.5012406948,22.7667493797,66.5012406948,22.7667493797,0.00044181107744
2308005003002,1012794.95774,9613640.69792,79.711815562,12.9106628242,79.711815562,12.9106628242,0.00117106972174
2308104003001,1189603.64857,9166157.99238,65.5756867329,28.9304500292,65.5756867329,28.9304500292,0.000146538452562
2308104003002,1198313.76482,9183753.94279,61.3323933733,32.2171307719,61.3323933733,32.2171307719,9.30947491961e-05
2308203001001,1005715.81125,9603233.14882,75.2618273745,19.8627663416,75.2618273745,19.8627663416,0.000763377359186
2308302001001,1170338.17802,9191209.419,67.4216027875,27.1080139373,67.4216027875,27.1080139373,0.000268301957883
2308351001001,1146605.0688,9373230.84153,49.6976568405,45.4270597128,49.6976568405,45.4270597128,0.000937443463958
2308377001001,1066014.21453,9604844.01807,68.5477505919,26.953433307,68.5477505919,26.953433307,0.000299880494662
2308401003001,1143446.82268,9180287.69948,69.9126092385,21.9101123596,69.9126092385,21.9101123596,0.000554796918896
2308401003002,1149944.73491,9198156.73957,67.661971831,27.0985915493,67.661971831,27.0985915493,0.000273990560885
2308500003001,1084935.92399,9345496.54344,61.2473721093,35.8093903294,61.2473721093,35.8093903294,0.000255223057863
2308500003002,1080194.69077,9366511.67139,61.117196057,35.6699525374,61.117196057,35.6699525374,0.000251855291325
2308609001001,1050105.05874,9454616.63329,60.7665301346,24.6928028087,60.7665301346,24.6928028087,0.000230193036864
2308708003001,1222942.72619,9420438.91902,53.7006578947,42.6809210526,53.7006578947,42.6809210526,0.000727192528804
2308708003002,1235912.93974,9459172.39044,55.2928533047,39.3605588393,55.2928533047,39.3605588393,0.000544161491786
2308807001001,980363.839936,9616302.46731,79.0914747978,16.8637212197,79.0914747978,16.8637212197,0.000981112011391
2308906001001,1046022.54207,9635645.11959,57.6066790353,34.0445269017,57.6066790353,34.0445269017,0.000256279586836
2309003001001,971711.406408,9567937.51463,55.2433173406,37.45716244,55.2433173406,37.45716244,0.000460329160255
2309102001001,1168184.22113,9521365.22197,66.2058371736,26.4592933948,66.2058371736,26.4592933948,0.000270597678754
2309201001001,1089955.20515,9212502.92096,65.3682719547,27.8328611898,65.3682719547,27.8328611898,0.000190960256441
2309300003001,991616.809787,9467909.95979,55.7617942769,39.5204949729,55.7617942769,39.5204949729,0.000541018968213
2309300003002,997414.857959,9483790.12438,71.1986681465,24.2508324084,71.1986681465,24.2508324084,0.000478555060105
2309409001001,968772.606983,9380125.29664,58.3853211009,32.8073394495,58.3853211009,32.8073394495,0.000184018064432
2309458001001,1221746.3883,9496252.96734,70.5553164012,23.6762806715,70.5553164012,23.6762806715,0.000490087566855
2309508001001,1171111.78409,9305942.48564,64.8711943794,32.6932084309,64.8711943794,32.6932084309,3.677359715e-05
2309607003001,1226222.27835,9534262.27334,69.3280346821,26.7341040462,69.3280346821,26.7341040462,0.000326767335146
2309607003002,1222926.03512,9534540.85933,67.0263788969,26.8285371703,67.0263788969,26.8285371703,0.000272108290842
2309706003001,1210711.51621,9555652.92952,70.9566414315,21.1286992429,70.9566414315,21.1286992429,0.000612541176531
2309706003002,1210862.69591,9567256.06312,60.847992783,31.5741993685,60.847992783,31.5741993685,7.50277803879e-05
2309706003003,1213918.16228,9564081.12988,68.3670195701,26.0186076355,68.3670195701,26.0186076355,0.000337625626397
2309805001001,1177981.24265,9533262.67046,70.021978022,21.1428571429,70.021978022,21.1428571429,0.00059142426697
2309904001001,978895.249476,9556469.24988,60.2601156069,34.1040462428,60.2601156069,34.1040462428,0.000200778895253
2310001001001,1275092.84274,9475723.40361,58.179787828,37.4651032942,58.179787828,37.4651032942,0.000396324018243
2310100001001,1185104.05813,9541236.0131,70.1671667381,21.9888555508,70.1671667381,21.9888555508,0.000556863079703
2310209003001,1168210.00281,9614081.6513,71.5768981181,23.6210253082,71.5768981181,23.6210253082,0.0005149430084
2310209003002,1158973.28029,9612331.77498,68.8737623762,26.3613861386,68.8737623762,26.3613861386,0.00033343934331
2310258003001,1147290.94153,9619344.7274,71.7691776088,24.6371803732,71.7691776088,24.6371803732,0.000473822562382
2310308003001,985486.204705,9290042.4066,57.34870317,33.3717579251,57.34870317,33.3717579251,0.000231918834438
2310308003002,981346.931722,9321458.84356,54.642097803,40.0425230333,54.642097803,40.0425230333,0.000588849389328
2310407001001,1122606.91896,9537865.15754,65.1996370236,30.8529945554,65.1996370236,30.8529945554,5.2524171661e-05
2310506003001,1086122.44939,9393446.58617,68.8197767145,27.033492823,68.8197767145,27.033492823,0.000302270793544
2310506003002,1071467.41988,9389952.62182,71.3830916166,26.6006367174,71.3830916166,26.6006367174,0.000377763075912
2310605001001,1156985.38432,9135198.72542,67.3533083645,27.5905118602,67.3533083645,27.5905118602,0.000245278994231
2310704003001,1132484.72818,9573514.94225,65.8327847268,30.4147465438,65.8327847268,30.4147465438,8.59530136843e-05
2310704003002,1154838.31763,9571525.11177,66.7837431009,30.1053687908,66.7837431009,30.1053687908,0.000120597987024
2310803001001,1222071.14442,9327935.68232,57.7934573445,39.5445798589,57.7934573445,39.5445798589,0.00049756498317
2310852001001,1244072.37067,9548513.76715,66.2122427159,26.7575514568,66.2122427159,26.7575514568,0.000257431601609
2310902001001,1115133.4086,9348825.73349,55.844562833,41.0529614541,55.844562833,41.0529614541,0.000607574284649
2310951001001,990607.986364,9527789.61816,59.941089838,32.8915071183,59.941089838,32.8915071183,0.000153674913694
2311009001001,937911.965978,9472353.78447,55.8911101659,31.6886431306,55.8911101659,31.6886431306,0.000188774900104
2311108001001,1151183.2227,9161758.87869,69.6584058942,25.2176825184,69.6584058942,25.2176825184,0.000401661718509
2311207001001,1048786.85323,9215291.51493,60.5600379687,32.2733744661,60.5600379687,32.2733744661,0.000112531923842
2311231001001,1258255.91206,9359895.84201,43.331704934,51.7342452369,43.331704934,51.7342452369,0.00135835618289
2311264001001,969665.331464,9349165.76851,61.2745098039,32.3529411765,61.2745098039,32.3529411765,0.000100422437066
2311306003001,1165550.03593,9447772.07721,55.7692307692,35.9203296703,55.7692307692,35.9203296703,0.000380238399399
2311306003002,1172445.23041,9449320.5744,70.0357781753,23.4645199761,70.0357781753,23.4645199761,0.000488148187854
2311306003003,1167306.58195,9446413.89424,60.5504587156,32.3547400612,60.5504587156,32.3547400612,0.000116371915197
2311355001001,1151839.54631,9314483.83226,60.9764197941,37.5290601129,60.9764197941,37.5290601129,0.000337882848006
2311405003001,1132469.95046,9423660.93493,63.8808139535,29.4331395349,63.8808139535,29.4331395349,8.69645066276e-05
2311405003002,1120911.02875,9434870.8919,60.5336105336,29.8683298683,60.5336105336,29.8683298683,5.81261070742e-06
2311405003003,1134263.23894,9407674.25463,67.5067204301,23.7567204301,67.5067204301,23.7567204301,0.0004196819325
2311504001001,1293220.44544,9433276.83992,59.5041322314,37.0567848574,59.5041322314,37.0567848574,0.000349081308347
2311603001001,1193197.84572,9527519.24067,75.5460218409,18.9547581903,75.5460218409,18.9547581903,0.000810115952711
2311702001001,987142.147705,9543418.32233,59.1608738828,36.9662363456,59.1608738828,36.9662363456,0.000352564867622
2311801003001,1281212.6078,9457822.38406,61.9986403807,31.8830727396,61.9986403807,31.8830727396,6.35887869364e-05
2311801003002,1256908.57779,9462239.53083,57.2258533043,38.3079157589,57.2258533043,38.3079157589,0.000454832848196
2311801003003,1286854.40326,9449798.10029,54.6148507981,41.7418459403,54.6148507981,41.7418459403,0.000665260070067
2311900001001,1065841.22863,9280360.06971,56.213740458,38.5038167939,56.213740458,38.5038167939,0.000485755516385
2311959001001,1012113.59,9200991.94205,62.1710526316,26.875,62.1710526316,26.875,0.000163619906711
2312007001001,1037709.53731,9615991.75465,65.5462184874,22.9579831933,65.5462184874,22.9579831933,0.000412347903328
2312106001001,1079704.0742,9198294.20746,71.4590313737,24.6420956442,71.4590313737,24.6420956442,0.000466805714146
2312205003001,1030100.55754,9538405.98513,65.4008438819,27.6371308017,65.4008438819,27.6371308017,0.000200406449155
2312205003002,1062745.57144,9506769.03613,71.8170047475,22.8312473025,71.8170047475,22.8312473025,0.000555440603564
2312304003001,958555.298673,9547742.12591,62.4034749035,34.555984556,62.4034749035,34.555984556,0.000173965063661
2312304003002,943006.763477,9553883.25337,59.1579861111,36.1545138889,59.1579861111,36.1545138889,0.000316414017661
2312403003001,1172691.81905,9602716.83153,71.581769437,24.7319034853,71.581769437,24.7319034853,0.000465489115158
2312403003002,1158768.7786,9599041.64897,69.3224378618,25.3319713994,69.3224378618,25.3319713994,0.000389199338632
2312502001001,1247006.59371,9407198.75362,60.8641975309,34.6913580247,60.8641975309,34.6913580247,0.000213741365222
2312601001001,1137980.85724,9594973.82382,69.8387096774,27.4596774194,69.8387096774,27.4596774194,0.000305589245162
2312700001001,1116985.26715,9380240.05019,56.5283018868,33.320754717,56.5283018868,33.320754717,0.000247624336023
2312809001001,1004787.16248,9637302.14175,78.5590277778,15.8420138889,78.5590277778,15.8420138889,0.00101502462251
2312908003001,1015192.62545,9590812.25027,64.1675854465,26.1300992282,60.5721648163,31.838492975,9.07410100317e-05
2312908003002,1015655.71091,9591592.7404,56.976744186,37.5468867217,60.5721648163,31.838492975,9.4987703963e-05
2312908003003,1017966.13186,9592743.06013,65.9536541889,24.2424242424,57.7156101307,34.3400197426,0.000261680216592
2312908003004,1017970.04886,9591815.7974,49.4775660725,44.4376152428,57.7156101307,34.3400197426,0.00027247021617
2312908003005,1015361.84295,9594368.80893,61.8366129994,31.9022063208,61.8366129994,31.9022063208,6.79936092694e-05
2312908003006,1012125.47908,9589834.47374,73.2649366325,17.3204586602,73.2649366325,17.3204586602,0.000833033344947
2312908003007,1046890.96093,9573268.28311,68.9989235737,23.1431646932,68.9989235737,23.1431646932,0.0004797600935
2312908003008,1000199.22034,9584171.31538,69.4764862467,25.9538598048,69.4764862467,25.9538598048,0.000364830762714
2312908003009,1017585.84417,9589274.30864,61.1819595645,31.4463452566,61.1819595645,31.4463452566,6.20040639829e-05
2313005001001,1165182.12699,9357906.71392,60.9344216155,34.7593582888,60.9344216155,34.7593582888,0.000215236005162
2313104003001,1256877.73985,9415609.29727,44.173648134,51.6374714395,44.173648134,51.6374714395,0.00133558562593
2313104003002,1274942.97476,9405746.36646,49.8543972044,43.9720442632,49.8543972044,43.9720442632,0.000869094162151
2313203001001,1017710.20352,9453681.65237,67.7629063098,25.965583174,67.7629063098,25.965583174,0.000326750743778
2313252001001,1081131.13855,9252224.31695,43.4684684685,49.3806306306,43.4684684685,49.3806306306,0.00125035466418
2313302003001,1041657.65232,9347940.99614,52.0952380952,41.1428571429,52.0952380952,41.1428571429,0.000693759846543
2313302003002,1004243.86862,9333189.24477,45.6804391794,46.9228546663,45.6804391794,46.9228546663,0.00109222322143
2313351001001,1102078.16132,9563239.46505,68.3794466403,27.3639404074,68.3794466403,27.3639404074,0.000277877389906
2313401003001,946217.737035,9580088.20138,58.5166561911,30.9868007542,58.5166561911,30.9868007542,9.99181424246e-05
2313401003002,928625.001467,9581542.95208,59.8932520015,32.2531452535,59.8932520015,32.2531452535,0.000126243546538
2313401003003,953190.41537,9597341.77757,65.0687476774,29.3942772204,65.0687476774,29.3942772204,0.000114734571335
2313500003001,1128874.21551,9634880.3873,76.9803921569,19.4901960784,76.9803921569,19.4901960784,0.000817665436247
2313500003002,1127847.87872,9625146.30206,69.946917109,25.3164556962,69.946917109,25.3164556962,0.000403578435297
2313559001001,1122363.45849,9605532.76046,76.5199161426,19.5317959469,76.5199161426,19.5317959469,0.00080571712508
2313609003001,943740.411477,9571477.08949,65.3994845361,30.9600515464,65.3994845361,30.9600515464,5.21280485968e-05
2313708001001,1194415.35143,9263463.62713,55.9294871795,38.8221153846,55.9294871795,38.8221153846,0.000506186128288
2313757001001,1124527.12377,9590451.86737,75.4358161648,21.5795034337,75.4358161648,21.5795034337,0.000690600302076
2313807001001,1110030.02423,9597713.21223,72.3122238586,24.4968090329,72.3122238586,24.4968090329,0.00049198717278
2313906001001,980364.028221,9631847.31493,74.4259699129,20.9422011085,74.4259699129,20.9422011085,0.000696899801353
2313955001001,1000563.63917,9537861.8522,63.9988687783,31.8721719457,63.9988687783,31.8721719457,1.9262914784e-05
2314003003001,1131306.54922,9245387.38359,55.7315233786,39.592760181,55.7315233786,39.592760181,0.000544906459754
2314003003002,1131143.54161,9247725.49065,63.3848657445,34.4589096827,63.3848657445,34.4589096827,0.000148124763001
2314102003001,942785.223562,9604407.98192,77.7572851346,18.9966801918,77.7572851346,18.9966801918,0.000856710500188
2314102003002,924869.421023,9608245.70774,78.3036039316,19.7306152166,78.3036039316,19.7306152166,0.000835940578729
